epoch,time,train/box_loss,train/cls_loss,train/dfl_loss,metrics/precision(B),metrics/recall(B),metrics/mAP50(B),metrics/mAP50-95(B),val/box_loss,val/cls_loss,val/dfl_loss,lr/pg0,lr/pg1,lr/pg2
1,1958.9,1.22493,2.9297,1.37598,0.67349,0.54132,0.5922,0.37471,1.25897,2.85706,1.48537,0.000474207,0.000474207,0.000474207
2,3868.75,1.32729,2.4244,1.45824,0.4666,0.48626,0.45419,0.26152,1.52999,3.46929,1.75714,0.000931719,0.000931719,0.000931719
3,5802.27,1.38003,2.14172,1.48524,0.48196,0.48967,0.45738,0.25862,1.57248,2.54476,1.77998,0.00137037,0.00137037,0.00137037
4,7706.56,1.41387,2.02355,1.51214,0.64308,0.51839,0.60187,0.35351,1.49277,2.35566,1.70169,0.00134412,0.00134412,0.00134412
5,9617.23,1.3532,1.8132,1.5009,0.59283,0.61293,0.61187,0.38882,1.37163,1.93931,1.56154,0.00131582,0.00131582,0.00131582
